table,pick_path_status,pick_path_readers,other_prod_readers
nfl_ai_replay_candidate_cache,used-outside-pick-path,,server/services/nfl-ai-replay.js
nfl_ai_replay_reviews,used-outside-pick-path,,server/services/nfl-ai-replay.js
nfl_ai_replay_runs,used-outside-pick-path,,server/scripts/run-nfl-ai-replay.js;server/services/nfl-ai-replay.js;server/services/nfl-evidence.js;server/services/nfl-profitability.js
nfl_alt_spread_captures,used-outside-pick-path,,server/migrations/035_alt_spread_capture.js;server/services/alt-spread-import.js
nfl_alt_spread_quotes,used-outside-pick-path,,server/migrations/035_alt_spread_capture.js;server/services/alt-spread-import.js;scripts/import-alt-spreads.mjs
nfl_auto_picks,used-in-pick-path,server/services/nfl-auto-picks.js,server/services/nfl-pick-watch.js
nfl_bet_log,used-in-pick-path,server/services/clv-core.js;server/services/nfl-sharp.js,server/services/forward-ledger.js;server/services/nfl-execution-clv.js;scripts/run-historical-leaderboard.mjs
nfl_blind_audit_retries,used-outside-pick-path,,server/services/nfl-blind-audit.js
nfl_blind_audit_runs,used-in-pick-path,server/services/nfl-candidate-findings.js,server/services/nfl-audit-overview.js;server/services/nfl-blind-audit.js;server/services/nfl-profitability.js;server/services/nfl-research-lab.js
nfl_blind_audit_week_performance,used-outside-pick-path,,server/services/nfl-blind-audit.js
nfl_blind_audit_weeks,used-outside-pick-path,,server/services/nfl-audit-overview.js;server/services/nfl-blind-audit.js;scripts/nfl-2022-2025-rebuild.mjs
nfl_blind_input_mutations,used-outside-pick-path,,server/betting/nfl/strategy/teaser-leg-rates.js;server/migrations/053_nfl_news_signals_versioning.js;server/services/nfl-blind-audit.js;scripts/_prepare-validation-db.mjs
nfl_cached_reports,used-outside-pick-path,,server/services/report-cache.js
nfl_candidate_finding_seasons,used-in-pick-path,server/services/nfl-candidate-findings.js,server/migrations/024_candidate_findings.js;server/migrations/038_research_trials.js;server/migrations/039_candidate_finding_rule_version.js
nfl_candidate_findings,used-in-pick-path,server/services/nfl-candidate-findings.js,server/migrations/024_candidate_findings.js;server/migrations/025_candidate_finding_discovery_note.js;server/migrations/038_research_trials.js;server/migrations/039_candidate_finding_rule_version.js
nfl_candidate_input_audits,used-in-pick-path,server/services/nfl-replay.js,server/migrations/048_research_trials_detail.js;scripts/backfill-historical-trial-registry.mjs;scripts/run-purged-evaluation.mjs
nfl_candidate_robustness_audits,used-outside-pick-path,,server/migrations/048_research_trials_detail.js;server/services/nfl-candidate-analysis.js;scripts/backfill-historical-trial-registry.mjs
nfl_capacity_events,used-outside-pick-path,,server/betting/nfl/strategy/t60-runner.js;server/migrations/034_t60_runner_ledger.js;server/migrations/036_t60_packet_body.js
nfl_capture_triggers,used-outside-pick-path,,server/migrations/014_profit_execution_triggers.js;server/services/nfl-capture-dispatch.js
nfl_clv_grades,used-in-pick-path,server/services/clv-core.js,server/migrations/037_nfl_clv_grades.js;server/services/nfl-execution-clv.js
nfl_cover_calibrations,used-in-pick-path,server/services/nfl-cover-calibration.js;server/services/nfl-t60-packet.js,server/services/nfl-evidence.js
nfl_decision_events,used-in-pick-path,server/services/nfl-decision-tape.js;server/services/nfl-replay.js,server/db/preflight.js;server/migrations/027_decision_tape.js;server/migrations/031_decision_identity.js;server/migrations/037_nfl_clv_grades.js
nfl_decision_run_invalidations,used-in-pick-path,server/services/nfl-decision-tape.js,server/migrations/031_decision_identity.js
nfl_decision_runs,used-in-pick-path,server/services/nfl-decision-tape.js;server/services/nfl-replay.js,server/betting/nfl/strategy/t60-runner.js;server/migrations/027_decision_tape.js;server/migrations/031_decision_identity.js;server/migrations/037_nfl_clv_grades.js
nfl_depth,used-in-pick-path,server/services/nfl-advanced.js;server/services/nfl-bitemporal.js;server/services/nfl-engine-registry.js;server/services/nfl-player-value.js,server/services/nfl-blind-audit.js;server/services/nfl-data-consistency.js;server/services/nfl-engine-backfill.js;server/services/nfl-evidence.js
nfl_engine_artifacts,used-in-pick-path,server/services/nfl-engine-registry.js,
nfl_engine_backfill_checkpoints,used-outside-pick-path,,server/services/nfl-engine-backfill.js
nfl_engine_backfill_runs,used-outside-pick-path,,server/services/nfl-engine-backfill.js
nfl_ensemble_fit_artifacts,used-in-pick-path,server/services/nfl-engine-registry.js;server/services/nfl-ensemble.js;server/services/nfl-t60-packet.js,server/migrations/045_market_identity_flag.js;server/services/nfl-blind-audit.js;server/services/nfl-model-growth.js;scripts/run-historical-leaderboard.mjs
nfl_ensemble_rank_reports,used-outside-pick-path,,server/services/nfl-ensemble-rank.js
nfl_execution_lifecycle_events,used-outside-pick-path,,server/db/preflight.js;server/migrations/023_execution_lifecycle_ledger.js;server/migrations/027_decision_tape.js;server/migrations/028_settlement_corrections.js
nfl_execution_log,used-outside-pick-path,,server/migrations/023_execution_lifecycle_ledger.js;server/services/nfl-execution.js;scripts/run-historical-leaderboard.mjs
nfl_execution_opportunities,used-outside-pick-path,,server/db/preflight.js;server/migrations/023_execution_lifecycle_ledger.js;server/migrations/026_execution_opportunity_forecast.js;server/migrations/027_decision_tape.js
nfl_expert_forward_predictions,used-outside-pick-path,,server/services/nfl-evidence-provenance.js;server/services/nfl-expert-coordinator.js;server/services/nfl-expert-council.js;server/services/nfl-postgame-truth.js
nfl_expert_forward_settlements,used-outside-pick-path,,server/services/nfl-expert-coordinator.js;server/services/nfl-expert-council.js
nfl_external_player_grades,used-in-pick-path,server/services/nfl-roster-strength.js,server/services/nfl-blind-audit.js;server/services/nfl-feature-coverage.js;server/services/nfl-weekly-feature-store.js
nfl_external_ratings,used-in-pick-path,server/services/scheduler.js,server/services/nfl-blind-audit.js;server/services/nfl-data-consistency.js;server/services/nfl-external-ratings.js;scripts/export-teamrankings-features.mjs
nfl_feature_ablation_audits,used-outside-pick-path,,server/migrations/048_research_trials_detail.js;server/services/nfl-evidence.js;server/services/nfl-research.js;scripts/backfill-historical-trial-registry.mjs
nfl_feature_coverage_snapshots,used-outside-pick-path,,server/services/nfl-feature-coverage.js
nfl_feature_dictionary,used-outside-pick-path,,server/services/nfl-weekly-feature-store.js
nfl_feature_revisions,used-in-pick-path,server/services/nfl-advanced.js;server/services/nfl-bitemporal.js;server/services/nfl-t60-packet.js,server/migrations/050_feature_revisions_entity_season_week.js;server/migrations/053_nfl_news_signals_versioning.js;server/services/nfl-team-card.js
nfl_ffopportunity_weekly,used-in-pick-path,server/services/ffopportunity.js,server/services/draft-assist.js;server/services/offseason-data.js;server/services/player-repair.js;server/services/preseason-model.js
nfl_game_variance,used-outside-pick-path,,server/services/nfl-expert-coordinator.js;server/services/nfl-postgame-truth.js
nfl_game_weather,used-in-pick-path,server/services/nfl-t60-packet.js,server/services/nfl-data-consistency.js;server/services/nfl-gbm.js;server/services/nfl-weather-history.js;server/services/nfl-weather.js
nfl_game_weather_forecast_history,used-in-pick-path,server/services/nfl-t60-packet.js,server/services/nfl-data-consistency.js;server/services/nfl-weather-history.js
nfl_historical_adp,used-outside-pick-path,,server/services/consensus-weights.js;server/services/historical-adp-scrapes.js;server/services/historical-adp.js;server/services/preseason-model.js
nfl_historical_adp_scrape,used-outside-pick-path,,server/services/historical-adp-scrapes.js
nfl_historical_engine_replay,used-outside-pick-path,,server/services/nfl-engine-backfill.js
nfl_historical_ffc_adp,used-outside-pick-path,,server/services/consensus-weights.js
nfl_historical_signal_replay,used-outside-pick-path,,server/services/nfl-diagnostic.js;server/services/nfl-engine-backfill.js
nfl_injuries,used-in-pick-path,server/services/football-context.js;server/services/nfl-advanced.js;server/services/nfl-availability.js;server/services/nfl-bitemporal.js,server/migrations/052_line_snapshot_receipt_clock.js;server/routes/model.js;server/services/audit-registry.js;server/services/boom-bust.js
nfl_learning_epochs,used-in-pick-path,server/services/nfl-engine-registry.js,
nfl_line_snapshots,used-in-pick-path,server/services/book-feeds.js;server/services/clv-core.js;server/services/line-shopping.js;server/services/nfl-sharp.js,server/betting/nfl/strategy/teaser-scan.js;server/migrations/035_alt_spread_capture.js;server/migrations/049_line_snapshots_market_captured_index.js;server/migrations/052_line_snapshot_receipt_clock.js
nfl_live_possession_predictions,used-outside-pick-path,,server/services/nfl-expert-council.js;server/services/nfl-live-ledger.js
nfl_live_possession_settlements,used-outside-pick-path,,server/services/nfl-expert-council.js;server/services/nfl-live-ledger.js
nfl_model_experiments,used-outside-pick-path,,server/services/nfl-evidence.js;server/services/nfl-experiments.js
nfl_model_growth_runs,used-outside-pick-path,,server/services/nfl-model-growth.js
nfl_model_watch_runs,used-outside-pick-path,,server/services/nfl-model-watch.js
nfl_neural_replay_audits,used-in-pick-path,server/services/nfl-replay.js,
nfl_news_event_extraction_cache,used-outside-pick-path,,server/migrations/019_nfl_news_events.js;server/services/nfl-news-events.js
nfl_news_events,used-in-pick-path,server/services/nfl-t60-packet.js,server/migrations/019_nfl_news_events.js;server/services/nfl-news-event-impact.js;server/services/nfl-news-events.js;scripts/run-news-event-impact.mjs
nfl_news_extraction_attempts,used-in-pick-path,server/services/nfl-news-signal.js,
nfl_news_signals,used-in-pick-path,server/services/nfl-news-signal.js;server/services/scheduler.js,server/migrations/019_nfl_news_events.js;server/migrations/053_nfl_news_signals_versioning.js;server/routes/teams.js;server/services/nfl-blind-audit.js
nfl_nfelo_games,used-in-pick-path,server/services/nfelo.js;server/services/nfl-ensemble.js,server/services/nfl-blind-audit.js
nfl_nfelo_lines,used-in-pick-path,server/services/nfelo.js,
nfl_nfelo_qb,used-in-pick-path,server/services/nfelo.js;server/services/nfl-ensemble.js,
nfl_ngs,used-in-pick-path,server/services/nfl-advanced.js;server/services/nfl-engine-registry.js;server/services/nfl-player-value.js,server/routes/model.js;server/services/nfl-blind-audit.js;server/services/nfl-data-consistency.js;server/services/nfl-engine-backfill.js
nfl_odds_archive,used-outside-pick-path,,server/migrations/047_backfill_open_spread_pinnacle_2022_2025.js;server/migrations/052_line_snapshot_receipt_clock.js;server/services/beat-the-close.js;server/services/line-move-study.js
nfl_officials,used-outside-pick-path,,server/services/nfl-officials.js;server/services/nfl-team-card.js
nfl_online_neural_artifacts,used-in-pick-path,server/services/nfl-engine-registry.js;server/services/nfl-online-neural.js,
nfl_online_neural_examples,used-in-pick-path,server/services/nfl-online-neural.js,server/services/nfl-risk-lab.js
nfl_orthogonal_specialist_artifacts,used-outside-pick-path,,server/services/nfl-orthogonal-specialists.js
nfl_page_explain_audits,used-outside-pick-path,,server/services/nfl-page-explain-audit.js
nfl_pfr_adv,used-in-pick-path,server/services/nfl-advanced.js;server/services/nfl-availability.js;server/services/nfl-engine-registry.js;server/services/nfl-player-value.js,server/routes/model.js;server/services/nfl-blind-audit.js;server/services/nfl-data-consistency.js;server/services/nfl-engine-backfill.js
nfl_pick_decisions,used-in-pick-path,server/services/nfl-auto-picks.js;server/services/nfl-decision-tape.js;server/services/scheduler.js,server/migrations/027_decision_tape.js;server/migrations/045_market_identity_flag.js;server/routes/nfl-market.js;server/services/nfl-expert-council.js
nfl_pick_explanation_audits,used-outside-pick-path,,server/services/nfl-pick-explanation-audit.js
nfl_pick_watch_log,used-outside-pick-path,,server/services/nfl-pick-watch.js
nfl_play_by_play,used-in-pick-path,server/services/scheduler.js,server/services/audit-registry.js;server/services/live-edge.js;server/services/nfl-blind-audit.js;server/services/nfl-espn-pbp.js
nfl_play_charting,used-outside-pick-path,,server/services/nfl-blind-audit.js;server/services/nfl-feature-coverage.js;server/services/nfl-formations.js;server/services/nfl-weekly-feature-store.js
nfl_play_formations,used-in-pick-path,server/services/nfl-advanced.js,server/services/nfl-blind-audit.js;server/services/nfl-feature-coverage.js;server/services/nfl-formations.js;server/services/nfl-weekly-feature-store.js
nfl_player_feature_vectors,used-outside-pick-path,,server/services/nfl-blind-audit.js;server/services/nfl-model-growth.js;server/services/nfl-weekly-feature-store.js
nfl_player_roster_events,used-in-pick-path,server/services/nfl-roster-strength.js,server/services/nfl-blind-audit.js;server/services/nfl-player-state.js;server/services/nfl-team-card.js
nfl_player_state_quarantine,used-outside-pick-path,,server/services/nfl-player-state.js
nfl_player_week_features,used-in-pick-path,server/services/football-context.js;server/services/nfl-advanced.js;server/services/nfl-engine-registry.js;server/services/nfl-pbp.js,server/services/nfl-blind-audit.js;server/services/nfl-data-consistency.js;server/services/nfl-engine-backfill.js;server/services/nfl-experiments.js
nfl_policy_audits,used-in-pick-path,server/services/nfl-replay.js,server/services/nfl-evidence.js
nfl_postgame_truth_packets,used-outside-pick-path,,server/services/nfl-postgame-truth.js
nfl_pregame_snapshot_history,used-in-pick-path,server/services/nfl-player-value.js;server/services/nfl-pregame.js,server/services/nfl-evidence.js
nfl_prop_calibration_fits,used-outside-pick-path,,server/services/decay-watch.js;server/services/nfl-prop-calibration.js
nfl_prop_clv,used-in-pick-path,server/services/scheduler.js,server/routes/nfl-betting.js;server/services/nfl-execution-clv-downsize.js;server/services/nfl-prop-clv.js;server/services/prop-feeds.js
nfl_prop_policy_archive,used-outside-pick-path,,server/services/nfl-prop-clv.js
nfl_prop_quote_snapshots,used-outside-pick-path,,server/services/nfl-prop-clv.js;server/services/nfl-props.js;server/services/prop-feeds.js;server/services/props-total-consistency.js
nfl_qbr_weekly,used-in-pick-path,server/services/nfl-qbr.js;server/services/projections.js,server/services/nfl-data-consistency.js;server/services/nfl-qb-quality.js;scripts/analyze-qbr-fantasy-signal.mjs;scripts/export-qb-quality-features.mjs
nfl_quote_batches,used-in-pick-path,server/services/nfl-advanced.js;server/services/nfl-t60-packet.js,server/migrations/021_quote_tape_batch_index.js;server/migrations/032_quote_receipt_clock.js;server/migrations/041_nfl_replay_run_spec.js;server/migrations/052_line_snapshot_receipt_clock.js
nfl_quote_tape,used-in-pick-path,server/services/date-util.js;server/services/nfl-t60-packet.js,server/betting/nfl/strategy/t60-runner.js;server/betting/nfl/strategy/teaser-scan.js;server/betting/nfl/strategy/teaser-season.js;server/migrations/021_quote_tape_batch_index.js
nfl_replay_bets,used-in-pick-path,server/services/nfl-replay.js,server/services/pick-confidence.js;scripts/run-historical-leaderboard.mjs
nfl_replay_runs,used-in-pick-path,server/services/nfl-replay.js,server/migrations/041_nfl_replay_run_spec.js;server/services/nfl-evidence.js
nfl_residual_audits,used-outside-pick-path,,server/services/nfl-research.js;scripts/backfill-historical-trial-registry.mjs
nfl_risk_lab_artifacts,used-in-pick-path,server/services/nfl-engine-registry.js,server/services/nfl-risk-lab.js
nfl_risk_lab_predictions,used-outside-pick-path,,server/services/nfl-risk-lab.js
nfl_rookie_evidence,used-in-pick-path,server/services/nfl-rookies.js;server/services/nfl-roster-strength.js,server/services/nfl-blind-audit.js;server/services/nfl-offseason-cycle.js;server/services/nfl-rookie-ingest.js
nfl_roster_snapshots,used-outside-pick-path,,server/services/draft-assist.js;server/services/nfl-blind-audit.js;server/services/nfl-player-state.js;server/services/offseason-model.js
nfl_rule_state,used-outside-pick-path,,server/services/beat-the-close.js
nfl_scottfree_game_features,used-outside-pick-path,,server/migrations/022_scottfree_game_features.js;scripts/import-scottfree.mjs
nfl_sgp_quotes,used-outside-pick-path,,server/migrations/014_profit_execution_triggers.js;server/services/nfl-prop-correlation.js
nfl_signal_reliability_artifacts,used-in-pick-path,server/services/nfl-engine-registry.js;server/services/nfl-signal-reliability.js,
nfl_signal_snapshots,used-outside-pick-path,,server/services/beat-the-close.js;server/services/nfl-weather.js;scripts/_prepare-validation-db.mjs
nfl_sim_calibration_artifacts,used-outside-pick-path,,server/services/nfl-sim-calibration.js
nfl_snaps,used-in-pick-path,server/services/nfl-advanced.js;server/services/nfl-availability.js;server/services/nfl-bitemporal.js;server/services/nfl-engine-registry.js,server/services/nfl-blind-audit.js;server/services/nfl-data-consistency.js;server/services/nfl-engine-backfill.js;server/services/nfl-evidence.js
nfl_source_registry,used-outside-pick-path,,server/services/nfl-evidence.js
nfl_stadiums,used-in-pick-path,server/services/nfelo.js,
nfl_t60_observations,used-outside-pick-path,,server/betting/nfl/strategy/t60-runner.js;server/migrations/034_t60_runner_ledger.js;server/migrations/036_t60_packet_body.js;server/services/nfl-execution-pipeline.js
nfl_team_cards,used-outside-pick-path,,server/services/nfl-blind-audit.js;server/services/nfl-orthogonal-specialists.js;server/services/nfl-team-card.js
nfl_team_coaches,used-in-pick-path,server/services/nfl-coaches.js;server/services/scheduler.js,server/services/nfl-blind-audit.js;server/services/nfl-team-card.js;server/services/offseason-model.js
nfl_team_feature_vectors,used-outside-pick-path,,server/services/nfl-blind-audit.js;server/services/nfl-model-growth.js;server/services/nfl-weekly-feature-store.js
nfl_team_stadiums,used-in-pick-path,server/services/nfelo.js,
nfl_team_week_features,used-in-pick-path,server/services/football-context.js;server/services/nfl-advanced.js;server/services/nfl-auto-picks.js;server/services/nfl-engine-registry.js,server/routes/nfl-betting.js;server/routes/nfl-market.js;server/routes/trades.js;server/services/audit-registry.js
nfl_teams,used-in-pick-path,server/services/book-feeds.js;server/services/football-context.js;server/services/matchups.js;server/services/nfl-coaches.js,server/db/seed/index.js;server/migrations/001_baseline_marker.js;server/migrations/052_line_snapshot_receipt_clock.js;server/news/ingest.js
nfl_teaser_execution_legs,used-outside-pick-path,,server/betting/nfl/strategy/teaser-season.js;server/migrations/012_teaser_execution_ledger.js;server/routes/wong.js;server/services/nfl-profitability.js
nfl_teaser_executions,used-outside-pick-path,,server/migrations/012_teaser_execution_ledger.js;server/routes/wong.js;server/services/nfl-profitability.js;server/services/nfl-teaser-execution.js
nfl_teaser_price_ledger,used-outside-pick-path,,server/betting/nfl/strategy/teaser-scan.js;server/betting/nfl/strategy/teaser-season.js;server/migrations/035_alt_spread_capture.js;server/routes/wong.js
nfl_top100,used-outside-pick-path,,server/routes/accolades.js;server/routes/edge.js;server/routes/nfldata.js;server/services/source-registry.js
nfl_total_calibrations,used-outside-pick-path,,server/services/nfl-total-calibration.js
nfl_total_picks,used-outside-pick-path,,server/services/nfl-pick-watch.js;server/services/nfl-props.js
nfl_tweet_line_watch,used-outside-pick-path,,server/services/nfl-profitability.js;server/services/nfl-tweet-line-correlation.js
nfl_user_bets,used-outside-pick-path,,server/services/nfl-user-bets.js
nfl_validation_windows,used-outside-pick-path,,server/services/nfl-evidence.js
nfl_verified_events,used-in-pick-path,server/services/nfl-event-archive.js,server/services/nfl-blind-audit.js;server/services/nfl-expert-council.js;server/services/nfl-model-growth.js;server/services/nfl-news-market-latency.js
nfl_weekly_expert_examples,used-in-pick-path,server/services/nfl-replay.js,server/services/nfl-execution-corridor.js;server/services/nfl-expert-coordinator.js;server/services/nfl-expert-council.js;server/services/nfl-postgame-truth.js
nflverse_player_positions,used-in-pick-path,server/services/nfl-pbp.js;server/services/nflverse.js,server/services/dynasty-age-curve.js;server/services/nfl-blind-audit.js;server/services/offseason-data.js;server/services/offseason-model.js
