read_at	http	secs	uptime_s	derived_start	crossed	interval_s
2026-09-20T06:55:48Z	000	25.000774				60
2026-09-20T06:56:48Z	200	0.390411	18	2026-09-20T06:56:30Z	ok	60
2026-09-20T06:57:48Z	200	0.409631	79	2026-09-20T06:56:30Z	ok	60
2026-09-20T06:58:48Z	000	25.000962				60
2026-09-20T06:59:48Z	200	0.319213	17	2026-09-20T06:59:31Z	ok	60
2026-09-20T07:00:48Z	200	0.349592	78	2026-09-20T06:59:31Z	ok	60
2026-09-20T07:01:48Z	000	25.002074				60
2026-09-20T07:02:48Z	200	0.337715	18	2026-09-20T07:02:30Z	ok	60
2026-09-20T07:03:48Z	200	0.344913	78	2026-09-20T07:02:31Z	ok	60
2026-09-20T07:04:48Z	000	25.001920				60
2026-09-20T07:05:48Z	200	0.327001	17	2026-09-20T07:05:31Z	ok	60
2026-09-20T07:06:48Z	200	0.553487	78	2026-09-20T07:05:31Z	ok	60
2026-09-20T07:07:48Z	000	25.000722				60
2026-09-20T07:08:48Z	200	0.361856	18	2026-09-20T07:08:30Z	ok	60
2026-09-20T07:09:48Z	200	0.352342	79	2026-09-20T07:08:30Z	ok	60
2026-09-20T07:10:48Z	000	25.001016				60
2026-09-20T07:11:48Z	200	0.368373	18	2026-09-20T07:11:30Z	ok	60
2026-09-20T07:12:48Z	200	0.461458	79	2026-09-20T07:11:30Z	ok	60
2026-09-20T07:13:48Z	000	25.001502				60
2026-09-20T07:14:48Z	200	3.481517	21	2026-09-20T07:14:31Z	ok	60
2026-09-20T07:15:48Z	200	0.371127	77	2026-09-20T07:14:31Z	ok	60
2026-09-20T07:16:48Z	000	25.000892				60
2026-09-20T07:17:48Z	200	0.312827	19	2026-09-20T07:17:29Z	ok	60
2026-09-20T07:18:48Z	200	0.384804	78	2026-09-20T07:17:30Z	ok	60
2026-09-20T07:19:48Z	000	25.001197				60
2026-09-20T07:20:48Z	200	0.281993	19	2026-09-20T07:20:29Z	ok	60
2026-09-20T07:21:48Z	200	0.422854	79	2026-09-20T07:20:30Z	ok	60
2026-09-20T07:22:48Z	000	25.001383				60
2026-09-20T07:23:48Z	200	0.344417	18	2026-09-20T07:23:30Z	ok	60
2026-09-20T07:24:48Z	200	0.455576	77	2026-09-20T07:23:31Z	ok	60
2026-09-20T07:25:48Z	000	25.001535				60
2026-09-20T07:26:48Z	200	0.365541	18	2026-09-20T07:26:31Z	ok	60
2026-09-20T07:27:48Z	200	0.343505	77	2026-09-20T07:26:31Z	ok	60
2026-09-20T07:28:48Z	000	25.001433				60
2026-09-20T07:29:48Z	200	0.351257	20	2026-09-20T07:29:29Z	ok	60
2026-09-20T07:30:48Z	200	0.360750	79	2026-09-20T07:29:29Z	ok	60
2026-09-20T07:31:48Z	000	25.000867				60
2026-09-20T07:32:48Z	200	0.791922	33	2026-09-20T07:32:16Z	ok	60
2026-09-20T07:33:48Z	200	0.380639	92	2026-09-20T07:32:16Z	ok	60
2026-09-20T07:34:48Z	000	25.002549				60
2026-09-20T07:35:48Z	200	0.381903	43	2026-09-20T07:35:05Z	ok	60
2026-09-20T07:36:48Z	200	0.443728	104	2026-09-20T07:35:05Z	ok	60
2026-09-20T07:37:48Z	000	25.002410				60
2026-09-20T07:38:48Z	200	0.380733	44	2026-09-20T07:38:04Z	ok	60
2026-09-20T07:39:48Z	000	25.002047				60
2026-09-20T07:40:48Z	200	17.651701	13	2026-09-20T07:40:53Z	crossed	60
2026-09-20T07:41:48Z	200	0.375013	56	2026-09-20T07:40:52Z	ok	60
2026-09-20T07:42:48Z	000	25.002743				60
2026-09-20T07:43:48Z	200	11.346549	18	2026-09-20T07:43:41Z	ok	60
2026-09-20T07:44:48Z	200	0.446886	67	2026-09-20T07:43:41Z	ok	60
2026-09-20T07:45:48Z	000	25.002528				60
2026-09-20T07:46:48Z	200	5.552454	16	2026-09-20T07:46:37Z	ok	60
2026-09-20T07:47:48Z	200	0.372544	72	2026-09-20T07:46:37Z	ok	60
2026-09-20T07:48:48Z	000	25.000800				60
2026-09-20T07:49:48Z	200	0.336275	18	2026-09-20T07:49:30Z	ok	60
2026-09-20T07:50:48Z	200	0.560598	79	2026-09-20T07:49:30Z	ok	60
2026-09-20T07:51:48Z	000	25.001235				60
2026-09-20T07:52:48Z	200	0.364648	18	2026-09-20T07:52:30Z	ok	60
2026-09-20T07:53:48Z	200	0.361886	78	2026-09-20T07:52:31Z	ok	60
2026-09-20T07:54:48Z	000	25.001474				60
2026-09-20T07:55:48Z	200	0.335549	18	2026-09-20T07:55:30Z	ok	60
2026-09-20T07:56:48Z	200	0.374767	79	2026-09-20T07:55:30Z	ok	60
2026-09-20T07:57:48Z	000	25.001447				60
2026-09-20T07:58:48Z	200	0.331408	18	2026-09-20T07:58:30Z	ok	60
2026-09-20T07:59:48Z	200	0.476487	79	2026-09-20T07:58:30Z	ok	60
2026-09-20T08:00:48Z	000	25.001703				60
2026-09-20T08:01:48Z	200	0.327788	20	2026-09-20T08:01:28Z	ok	60
2026-09-20T08:02:48Z	200	0.417585	81	2026-09-20T08:01:28Z	ok	60
2026-09-20T08:03:48Z	000	25.001736				60
2026-09-20T08:04:48Z	200	0.320133	18	2026-09-20T08:04:30Z	ok	60
2026-09-20T08:05:48Z	200	0.353015	78	2026-09-20T08:04:30Z	ok	60
2026-09-20T08:06:48Z	000	25.001752				60
2026-09-20T08:07:48Z	200	0.365880	19	2026-09-20T08:07:29Z	ok	60
2026-09-20T08:08:48Z	200	0.371262	80	2026-09-20T08:07:29Z	ok	60
2026-09-20T08:09:48Z	000	25.000915				60
2026-09-20T08:10:48Z	200	0.302463	18	2026-09-20T08:10:30Z	ok	60
2026-09-20T08:11:48Z	200	0.412988	77	2026-09-20T08:10:31Z	ok	60
2026-09-20T08:12:48Z	000	25.001570				60
2026-09-20T08:13:48Z	200	0.318664	19	2026-09-20T08:13:29Z	ok	60
2026-09-20T08:14:48Z	200	0.358390	78	2026-09-20T08:13:30Z	ok	60
2026-09-20T08:15:48Z	000	25.000938				60
2026-09-20T08:16:48Z	200	0.313742	18	2026-09-20T08:16:30Z	ok	60
2026-09-20T08:17:48Z	200	0.439078	78	2026-09-20T08:16:30Z	ok	60
2026-09-20T08:18:48Z	000	25.000930				60
2026-09-20T08:19:48Z	200	0.313635	19	2026-09-20T08:19:29Z	ok	60
2026-09-20T08:20:48Z	200	0.406310	78	2026-09-20T08:19:30Z	ok	60
2026-09-20T08:21:48Z	000	25.001179				60
2026-09-20T08:22:48Z	200	0.336070	18	2026-09-20T08:22:30Z	ok	60
2026-09-20T08:23:48Z	200	0.423507	78	2026-09-20T08:22:30Z	ok	60
2026-09-20T08:24:48Z	000	25.000909				60
2026-09-20T08:25:48Z	200	0.294901	19	2026-09-20T08:25:29Z	ok	60
2026-09-20T08:26:48Z	200	0.445326	78	2026-09-20T08:25:30Z	ok	60
2026-09-20T08:27:48Z	000	25.000962				60
2026-09-20T08:28:48Z	200	0.340805	19	2026-09-20T08:28:30Z	ok	60
2026-09-20T08:29:48Z	200	0.396773	78	2026-09-20T08:28:30Z	ok	60
2026-09-20T08:30:48Z	000	25.001326				60
2026-09-20T08:31:48Z	200	0.376392	18	2026-09-20T08:31:31Z	ok	60
2026-09-20T08:32:48Z	200	0.340309	78	2026-09-20T08:31:30Z	ok	60
2026-09-20T08:33:48Z	000	25.001370				60
2026-09-20T08:34:48Z	200	0.379824	19	2026-09-20T08:34:30Z	ok	60
2026-09-20T08:35:48Z	200	0.341271	78	2026-09-20T08:34:30Z	ok	60
2026-09-20T08:36:48Z	000	25.001052				60
2026-09-20T08:37:48Z	200	12.816235	45	2026-09-20T08:37:16Z	ok	60
2026-09-20T08:38:48Z	200	0.418136	93	2026-09-20T08:37:16Z	ok	60
2026-09-20T08:39:48Z	000	25.002704				60
2026-09-20T08:40:48Z	200	0.427595	42	2026-09-20T08:40:06Z	ok	60
2026-09-20T08:41:48Z	200	0.388546	103	2026-09-20T08:40:06Z	ok	60
2026-09-20T08:42:48Z	000	25.002619				60
2026-09-20T08:43:48Z	200	0.363020	49	2026-09-20T08:42:59Z	ok	60
2026-09-20T08:44:48Z	000	25.002081				60
2026-09-20T08:45:48Z	200	24.707669	20	2026-09-20T08:45:53Z	crossed	60
2026-09-20T08:46:48Z	200	0.370683	56	2026-09-20T08:45:52Z	ok	60
2026-09-20T08:47:48Z	000	25.001968				60
2026-09-20T08:48:48Z	200	12.640972	15	2026-09-20T08:48:45Z	ok	60
2026-09-20T08:49:48Z	200	0.382338	64	2026-09-20T08:48:45Z	ok	60
2026-09-20T08:50:48Z	000	25.001647				60
2026-09-20T08:51:48Z	200	0.341097	13	2026-09-20T08:51:35Z	ok	60
2026-09-20T08:52:48Z	200	0.384330	73	2026-09-20T08:51:36Z	ok	60
2026-09-20T08:53:48Z	000	25.001390				60
2026-09-20T08:54:48Z	200	0.314738	20	2026-09-20T08:54:28Z	ok	60
2026-09-20T08:55:48Z	200	0.407789	80	2026-09-20T08:54:29Z	ok	60
2026-09-20T08:56:48Z	000	25.001531				60
2026-09-20T08:57:48Z	200	0.317262	19	2026-09-20T08:57:29Z	ok	60
2026-09-20T08:58:48Z	200	0.327569	79	2026-09-20T08:57:30Z	ok	60
2026-09-20T08:59:48Z	000	25.001981				60
2026-09-20T09:00:48Z	200	0.362636	18	2026-09-20T09:00:30Z	ok	60
2026-09-20T09:01:48Z	200	10.822084	89	2026-09-20T09:00:30Z	ok	60
2026-09-20T09:02:48Z	000	25.001967				60
2026-09-20T09:03:48Z	200	0.327394	19	2026-09-20T09:03:30Z	ok	60
2026-09-20T09:04:48Z	200	0.312962	79	2026-09-20T09:03:29Z	ok	60
2026-09-20T09:05:48Z	000	25.001268				60
2026-09-20T09:06:48Z	200	24.292575	58	2026-09-20T09:06:14Z	ok	60
2026-09-20T09:07:48Z	200	0.286040	93	2026-09-20T09:06:15Z	ok	60
2026-09-20T09:08:48Z	200	21.299864	8	2026-09-20T09:09:01Z	crossed	60
2026-09-20T09:09:48Z	200	0.367092	48	2026-09-20T09:09:01Z	ok	60
2026-09-20T09:10:48Z	000	25.001137				60
2026-09-20T09:11:48Z	200	15.433556	17	2026-09-20T09:11:46Z	ok	60
2026-09-20T09:12:48Z	200	23.460943	85	2026-09-20T09:11:47Z	ok	60
2026-09-20T09:13:48Z	000	25.000936				60
2026-09-20T09:14:48Z	200	3.556424	13	2026-09-20T09:14:39Z	ok	60
2026-09-20T09:15:48Z	200	0.328097	69	2026-09-20T09:14:39Z	ok	60
2026-09-20T09:16:48Z	000	25.001609				60
2026-09-20T09:17:48Z	200	0.326656	19	2026-09-20T09:17:30Z	ok	60
2026-09-20T09:18:48Z	200	0.361796	78	2026-09-20T09:17:30Z	ok	60
2026-09-20T09:19:48Z	000	25.001546				60
2026-09-20T09:20:48Z	200	0.313853	19	2026-09-20T09:20:30Z	ok	60
2026-09-20T09:21:48Z	200	0.316100	79	2026-09-20T09:20:29Z	ok	60
2026-09-20T09:22:48Z	000	25.001769				60
2026-09-20T09:23:48Z	200	0.323634	19	2026-09-20T09:23:29Z	ok	60
2026-09-20T09:24:48Z	200	0.358980	79	2026-09-20T09:23:30Z	ok	60
2026-09-20T09:25:48Z	000	25.001324				60
2026-09-20T09:26:48Z	200	0.330535	33	2026-09-20T09:26:15Z	ok	60
2026-09-20T09:27:48Z	200	0.394173	93	2026-09-20T09:26:16Z	ok	60
2026-09-20T09:28:48Z	000	25.001223				60
2026-09-20T09:29:48Z	200	0.334820	41	2026-09-20T09:29:07Z	ok	60
2026-09-20T09:30:48Z	000	25.001987				60
2026-09-20T09:31:48Z	200	18.008489	11	2026-09-20T09:31:56Z	crossed	60
2026-09-20T09:32:48Z	200	0.374775	52	2026-09-20T09:31:56Z	ok	60
2026-09-20T09:33:48Z	000	25.000865				60
2026-09-20T09:34:48Z	200	5.343118	11	2026-09-20T09:34:43Z	ok	60
2026-09-20T09:35:48Z	200	0.393067	65	2026-09-20T09:34:43Z	ok	60
2026-09-20T09:36:48Z	000	25.001696				60
2026-09-20T09:37:48Z	200	0.352610	19	2026-09-20T09:37:30Z	ok	60
2026-09-20T09:38:48Z	200	0.390738	78	2026-09-20T09:37:30Z	ok	60
2026-09-20T09:39:48Z	000	25.001066				60
2026-09-20T09:40:48Z	200	0.299190	19	2026-09-20T09:40:29Z	ok	60
2026-09-20T09:41:48Z	200	0.405026	79	2026-09-20T09:40:29Z	ok	60
2026-09-20T09:42:48Z	000	25.000819				60
2026-09-20T09:43:48Z	200	0.326218	18	2026-09-20T09:43:30Z	ok	60
2026-09-20T09:44:48Z	200	0.390193	78	2026-09-20T09:43:30Z	ok	60
2026-09-20T09:45:48Z	000	25.000739				60
2026-09-20T09:46:48Z	200	0.319720	19	2026-09-20T09:46:29Z	ok	60
2026-09-20T09:47:48Z	200	0.413845	80	2026-09-20T09:46:29Z	ok	60
2026-09-20T09:48:48Z	000	25.001400				60
2026-09-20T09:49:48Z	200	0.325350	19	2026-09-20T09:49:29Z	ok	60
2026-09-20T09:50:48Z	200	0.331145	80	2026-09-20T09:49:29Z	ok	60
2026-09-20T09:51:48Z	000	25.001378				60
2026-09-20T09:52:48Z	200	0.429848	19	2026-09-20T09:52:29Z	ok	60
2026-09-20T09:53:48Z	200	0.377109	79	2026-09-20T09:52:29Z	ok	60
2026-09-20T09:54:48Z	000	25.000854				60
2026-09-20T09:55:48Z	200	0.424178	33	2026-09-20T09:55:16Z	ok	60
2026-09-20T09:56:48Z	200	0.369104	93	2026-09-20T09:55:15Z	ok	60
2026-09-20T09:57:48Z	000	25.001354				60
2026-09-20T09:58:48Z	200	0.358144	39	2026-09-20T09:58:10Z	ok	60
2026-09-20T09:59:48Z	200	0.419326	98	2026-09-20T09:58:10Z	ok	60
2026-09-20T10:00:48Z	000	25.002737				60
2026-09-20T10:01:48Z	200	0.364294	43	2026-09-20T10:01:06Z	ok	60
2026-09-20T10:02:48Z	200	0.419923	102	2026-09-20T10:01:06Z	ok	60
2026-09-20T10:03:48Z	200	21.524141	10	2026-09-20T10:04:00Z	crossed	60
2026-09-20T10:04:48Z	200	0.416413	49	2026-09-20T10:03:59Z	ok	60
2026-09-20T10:05:48Z	000	25.002302				60
2026-09-20T10:06:48Z	200	24.338172	20	2026-09-20T10:06:53Z	crossed	60
2026-09-20T10:07:48Z	200	0.397788	55	2026-09-20T10:06:53Z	ok	60
2026-09-20T10:08:48Z	000	25.001787				60
2026-09-20T10:09:48Z	200	17.639895	14	2026-09-20T10:09:52Z	crossed	60
2026-09-20T10:10:48Z	200	0.641185	57	2026-09-20T10:09:52Z	ok	60
2026-09-20T10:11:48Z	000	25.001084				60
2026-09-20T10:12:48Z	200	14.395317	11	2026-09-20T10:12:51Z	crossed	60
2026-09-20T10:13:48Z	200	0.435512	58	2026-09-20T10:12:51Z	ok	60
2026-09-20T10:14:48Z	000	25.001451				60
2026-09-20T10:15:48Z	200	19.488798	15	2026-09-20T10:15:53Z	crossed	60
2026-09-20T10:16:48Z	200	0.395677	56	2026-09-20T10:15:52Z	ok	60
2026-09-20T10:17:48Z	000	25.000879				60
2026-09-20T10:18:48Z	200	16.385088	13	2026-09-20T10:18:52Z	crossed	60
2026-09-20T10:19:48Z	200	0.516373	57	2026-09-20T10:18:51Z	ok	60
2026-09-20T10:20:48Z	000	25.002177				60
2026-09-20T10:21:48Z	200	16.312455	15	2026-09-20T10:21:50Z	crossed	60
2026-09-20T10:22:48Z	200	0.345433	58	2026-09-20T10:21:50Z	ok	60
2026-09-20T10:23:48Z	000	25.002243				60
2026-09-20T10:24:48Z	200	19.223869	15	2026-09-20T10:24:53Z	crossed	60
2026-09-20T10:25:48Z	200	0.397322	56	2026-09-20T10:24:52Z	ok	60
2026-09-20T10:26:48Z	000	25.000785				60
2026-09-20T10:27:48Z	200	15.224663	12	2026-09-20T10:27:51Z	crossed	60
2026-09-20T10:28:48Z	200	0.391813	57	2026-09-20T10:27:52Z	ok	60
2026-09-20T10:29:48Z	000	25.001414				60
2026-09-20T10:30:48Z	200	17.565847	14	2026-09-20T10:30:52Z	crossed	60
2026-09-20T10:31:48Z	200	0.508411	56	2026-09-20T10:30:52Z	ok	60
2026-09-20T10:32:48Z	000	25.002555				60
2026-09-20T10:33:48Z	200	13.266171	10	2026-09-20T10:33:52Z	crossed	60
2026-09-20T10:34:48Z	200	0.437298	56	2026-09-20T10:33:52Z	ok	60
2026-09-20T10:35:48Z	000	25.002204				60
2026-09-20T10:36:48Z	200	23.462399	19	2026-09-20T10:36:53Z	crossed	60
2026-09-20T10:37:48Z	200	0.401730	56	2026-09-20T10:36:52Z	ok	60
2026-09-20T10:38:48Z	000	25.001894				60
2026-09-20T10:39:48Z	200	19.629014	16	2026-09-20T10:39:51Z	crossed	60
2026-09-20T10:40:48Z	200	0.340685	57	2026-09-20T10:39:52Z	ok	60
2026-09-20T10:41:48Z	000	25.002750				60
2026-09-20T10:42:48Z	200	22.127817	18	2026-09-20T10:42:52Z	crossed	60
2026-09-20T10:43:48Z	200	1.281568	57	2026-09-20T10:42:52Z	ok	60
2026-09-20T10:44:48Z	000	25.001988				60
2026-09-20T10:45:48Z	200	13.999485	10	2026-09-20T10:45:52Z	crossed	60
2026-09-20T10:46:48Z	200	0.398392	56	2026-09-20T10:45:52Z	ok	60
2026-09-20T10:47:48Z	000	25.001065				60
2026-09-20T10:48:48Z	200	13.457784	10	2026-09-20T10:48:52Z	crossed	60
2026-09-20T10:49:48Z	200	0.396133	57	2026-09-20T10:48:51Z	ok	60
2026-09-20T10:50:48Z	000	25.002608				60
2026-09-20T10:51:48Z	200	15.984194	12	2026-09-20T10:51:52Z	crossed	60
2026-09-20T10:52:48Z	200	0.370115	56	2026-09-20T10:51:53Z	ok	60
2026-09-20T10:53:48Z	000	25.001713				60
2026-09-20T10:54:48Z	200	23.727690	19	2026-09-20T10:54:53Z	crossed	60
2026-09-20T10:55:48Z	200	0.450062	56	2026-09-20T10:54:52Z	ok	60
2026-09-20T10:56:48Z	000	25.002683				60
2026-09-20T10:57:48Z	200	19.590908	15	2026-09-20T10:57:53Z	crossed	60
2026-09-20T10:58:48Z	200	0.427936	56	2026-09-20T10:57:53Z	ok	60
2026-09-20T10:59:48Z	000	25.002657				60
2026-09-20T11:00:48Z	200	17.491799	14	2026-09-20T11:00:51Z	crossed	60
2026-09-20T11:01:48Z	200	0.385305	57	2026-09-20T11:00:52Z	ok	60
2026-09-20T11:02:48Z	000	25.001315				60
2026-09-20T11:03:48Z	200	15.159168	11	2026-09-20T11:03:52Z	crossed	60
2026-09-20T11:04:48Z	200	0.421783	57	2026-09-20T11:03:52Z	ok	60
2026-09-20T11:05:48Z	000	25.002624				60
2026-09-20T11:06:48Z	200	3.568058	12	2026-09-20T11:06:39Z	ok	60
2026-09-20T11:07:48Z	200	0.415352	69	2026-09-20T11:06:40Z	ok	60
2026-09-20T11:08:48Z	000	25.001668				60
2026-09-20T11:09:48Z	200	0.231473	22	2026-09-20T11:09:26Z	ok	60
2026-09-20T11:10:48Z	200	0.457337	83	2026-09-20T11:09:26Z	ok	60
2026-09-20T11:11:48Z	000	25.001490				60
2026-09-20T11:12:48Z	200	0.372836	31	2026-09-20T11:12:17Z	ok	60
2026-09-20T11:13:48Z	200	0.366917	91	2026-09-20T11:12:18Z	ok	60
2026-09-20T11:14:48Z	000	25.001734				60
2026-09-20T11:15:48Z	200	0.366501	45	2026-09-20T11:15:03Z	ok	60
2026-09-20T11:16:48Z	000	25.001752				60
2026-09-20T11:17:48Z	200	21.901499	12	2026-09-20T11:17:58Z	crossed	60
2026-09-20T11:18:48Z	200	0.349477	51	2026-09-20T11:17:57Z	ok	60
2026-09-20T11:19:48Z	000	25.000754				60
2026-09-20T11:20:48Z	200	17.532231	13	2026-09-20T11:20:53Z	crossed	60
2026-09-20T11:21:48Z	200	0.381318	56	2026-09-20T11:20:52Z	ok	60
2026-09-20T11:22:48Z	000	25.003763				60
2026-09-20T11:23:48Z	200	13.530054	21	2026-09-20T11:23:41Z	ok	60
2026-09-20T11:24:48Z	200	0.329951	67	2026-09-20T11:23:41Z	ok	60
2026-09-20T11:25:48Z	000	25.002088				60
2026-09-20T11:26:48Z	200	0.219710	11	2026-09-20T11:26:38Z	ok	60
2026-09-20T11:27:48Z	200	0.355625	70	2026-09-20T11:26:38Z	ok	60
2026-09-20T11:28:48Z	000	25.002242				60
2026-09-20T11:29:48Z	200	0.348463	23	2026-09-20T11:29:26Z	ok	60
2026-09-20T11:30:48Z	200	0.421900	83	2026-09-20T11:29:25Z	ok	60
2026-09-20T11:31:48Z	000	25.002862				60
2026-09-20T11:32:48Z	200	0.351701	36	2026-09-20T11:32:13Z	ok	60
2026-09-20T11:33:48Z	200	0.346752	95	2026-09-20T11:32:13Z	ok	60
2026-09-20T11:34:48Z	200	23.467707	10	2026-09-20T11:35:02Z	crossed	60
2026-09-20T11:35:48Z	200	0.371160	47	2026-09-20T11:35:01Z	ok	60
2026-09-20T11:36:48Z	000	25.002587				60
2026-09-20T11:37:48Z	200	18.469132	17	2026-09-20T11:37:50Z	crossed	60
2026-09-20T11:38:48Z	200	0.571506	58	2026-09-20T11:37:51Z	ok	60
2026-09-20T11:39:48Z	000	25.002402				60
2026-09-20T11:40:48Z	200	16.130839	14	2026-09-20T11:40:50Z	crossed	60
2026-09-20T11:41:48Z	200	0.365014	58	2026-09-20T11:40:50Z	ok	60
2026-09-20T11:42:48Z	000	25.002337				60
2026-09-20T11:43:48Z	200	5.711081	15	2026-09-20T11:43:39Z	ok	60
2026-09-20T11:44:48Z	200	0.362443	70	2026-09-20T11:43:39Z	ok	60
2026-09-20T11:45:48Z	000	25.002241				60
2026-09-20T11:46:48Z	200	0.349750	22	2026-09-20T11:46:26Z	ok	60
2026-09-20T11:47:48Z	200	0.360212	82	2026-09-20T11:46:27Z	ok	60
2026-09-20T11:48:48Z	000	25.002230				60
2026-09-20T11:49:48Z	200	0.259305	20	2026-09-20T11:49:28Z	ok	60
2026-09-20T11:50:48Z	200	0.363609	81	2026-09-20T11:49:28Z	ok	60
2026-09-20T11:51:48Z	000	25.002498				60
2026-09-20T11:52:48Z	200	0.372905	26	2026-09-20T11:52:22Z	ok	60
2026-09-20T11:53:48Z	200	0.409543	87	2026-09-20T11:52:22Z	ok	60
2026-09-20T11:54:48Z	000	25.002758				60
2026-09-20T11:55:48Z	200	0.308276	33	2026-09-20T11:55:15Z	ok	60
2026-09-20T11:56:48Z	200	0.378227	94	2026-09-20T11:55:15Z	ok	60
2026-09-20T11:57:48Z	000	25.001917				60
2026-09-20T11:58:48Z	200	0.366137	38	2026-09-20T11:58:10Z	ok	60
2026-09-20T11:59:48Z	200	0.365227	98	2026-09-20T11:58:11Z	ok	60
2026-09-20T12:00:48Z	000	25.002669				60
2026-09-20T12:01:48Z	200	0.382376	49	2026-09-20T12:00:59Z	ok	60
2026-09-20T12:02:48Z	000	25.002445				60
2026-09-20T12:03:48Z	200	20.048180	14	2026-09-20T12:03:54Z	crossed	60
2026-09-20T12:04:48Z	200	0.383129	55	2026-09-20T12:03:54Z	ok	60
2026-09-20T12:05:48Z	000	25.001073				60
2026-09-20T12:06:48Z	200	14.104970	10	2026-09-20T12:06:52Z	crossed	60
2026-09-20T12:07:48Z	200	0.333240	56	2026-09-20T12:06:53Z	ok	60
2026-09-20T12:08:48Z	000	25.002607				60
2026-09-20T12:09:48Z	200	9.890943	18	2026-09-20T12:09:40Z	ok	60
2026-09-20T12:10:48Z	200	0.388902	68	2026-09-20T12:09:40Z	ok	60
2026-09-20T12:11:48Z	000	25.001823				60
2026-09-20T12:12:48Z	200	0.364346	13	2026-09-20T12:12:36Z	ok	60
2026-09-20T12:13:48Z	200	0.371902	73	2026-09-20T12:12:35Z	ok	60
2026-09-20T12:14:48Z	000	25.002699				60
2026-09-20T12:15:48Z	200	0.350382	25	2026-09-20T12:15:24Z	ok	60
2026-09-20T12:16:48Z	200	0.364884	84	2026-09-20T12:15:24Z	ok	60
2026-09-20T12:17:48Z	000	25.002586				60
2026-09-20T12:18:48Z	200	0.489089	35	2026-09-20T12:18:14Z	ok	60
2026-09-20T12:19:48Z	200	0.405012	95	2026-09-20T12:18:13Z	ok	60
2026-09-20T12:20:48Z	000	25.002325				60
2026-09-20T12:21:48Z	200	0.342962	46	2026-09-20T12:21:02Z	ok	60
2026-09-20T12:22:48Z	000	25.000722				60
2026-09-20T12:23:48Z	200	20.877601	12	2026-09-20T12:23:57Z	crossed	60
2026-09-20T12:24:48Z	200	0.415934	52	2026-09-20T12:23:56Z	ok	60
2026-09-20T12:25:48Z	000	25.002181				60
2026-09-20T12:26:48Z	200	16.975593	14	2026-09-20T12:26:51Z	crossed	60
2026-09-20T12:27:48Z	200	0.353258	57	2026-09-20T12:26:51Z	ok	60
2026-09-20T12:28:48Z	000	25.002557				60
2026-09-20T12:29:48Z	200	17.491202	13	2026-09-20T12:29:53Z	crossed	60
2026-09-20T12:30:48Z	200	0.503956	56	2026-09-20T12:29:52Z	ok	60
2026-09-20T12:31:48Z	000	25.001985				60
2026-09-20T12:32:48Z	200	11.114283	19	2026-09-20T12:32:40Z	ok	60
2026-09-20T12:33:48Z	200	0.385579	68	2026-09-20T12:32:40Z	ok	60
2026-09-20T12:34:48Z	000	25.001868				60
2026-09-20T12:35:48Z	200	0.381484	13	2026-09-20T12:35:36Z	ok	60
2026-09-20T12:36:48Z	200	0.421310	72	2026-09-20T12:35:36Z	ok	60
2026-09-20T12:37:48Z	000	25.002592				60
2026-09-20T12:38:48Z	200	0.356688	23	2026-09-20T12:38:26Z	ok	60
2026-09-20T12:39:48Z	200	0.726088	83	2026-09-20T12:38:26Z	ok	60
2026-09-20T12:40:48Z	000	25.002291				60
2026-09-20T12:41:48Z	200	0.399892	34	2026-09-20T12:41:14Z	ok	60
2026-09-20T12:42:48Z	200	0.381529	94	2026-09-20T12:41:15Z	ok	60
2026-09-20T12:43:48Z	000	25.002791				60
2026-09-20T12:44:48Z	200	0.381299	47	2026-09-20T12:44:01Z	ok	60
2026-09-20T12:45:48Z	000	25.002525				60
2026-09-20T12:46:48Z	200	15.989434	12	2026-09-20T12:46:52Z	crossed	60
2026-09-20T12:47:48Z	200	0.422554	56	2026-09-20T12:46:52Z	ok	60
2026-09-20T12:48:48Z	000	25.001527				60
2026-09-20T12:49:48Z	200	11.818266	19	2026-09-20T12:49:41Z	ok	60
2026-09-20T12:50:48Z	200	0.322750	67	2026-09-20T12:49:41Z	ok	60
2026-09-20T12:51:48Z	000	25.001921				60
2026-09-20T12:52:48Z	200	3.657846	17	2026-09-20T12:52:34Z	ok	60
2026-09-20T12:53:48Z	200	0.370932	74	2026-09-20T12:52:35Z	ok	60
2026-09-20T12:54:48Z	000	25.001646				60
2026-09-20T12:55:48Z	200	0.218317	22	2026-09-20T12:55:26Z	ok	60
2026-09-20T12:56:48Z	200	0.500808	82	2026-09-20T12:55:27Z	ok	60
2026-09-20T12:57:48Z	000	25.001428				60
2026-09-20T12:58:48Z	200	0.336915	28	2026-09-20T12:58:20Z	ok	60
2026-09-20T12:59:48Z	200	0.346579	89	2026-09-20T12:58:20Z	ok	60
2026-09-20T13:00:48Z	000	25.001478				60
2026-09-20T13:01:48Z	200	0.400612	39	2026-09-20T13:01:09Z	ok	60
2026-09-20T13:02:48Z	200	0.372673	100	2026-09-20T13:01:09Z	ok	60
2026-09-20T13:03:48Z	000	25.001118				60
2026-09-20T13:04:48Z	200	0.344726	45	2026-09-20T13:04:03Z	ok	60
2026-09-20T13:05:49Z	200	0.366165	105	2026-09-20T13:04:04Z	ok	60
2026-09-20T13:06:49Z	200	21.429021	11	2026-09-20T13:06:59Z	crossed	60
2026-09-20T13:07:50Z	200	0.339230	50	2026-09-20T13:07:00Z	ok	60
2026-09-20T13:08:50Z	000	25.001061				60
2026-09-20T13:09:50Z	200	10.528166	7	2026-09-20T13:09:54Z	crossed	60
2026-09-20T13:10:50Z	200	1.858938	58	2026-09-20T13:09:54Z	ok	60
2026-09-20T13:11:50Z	000	25.001827				60
2026-09-20T13:12:50Z	200	0.390614	12	2026-09-20T13:12:38Z	ok	60
2026-09-20T13:13:50Z	200	0.610958	72	2026-09-20T13:12:39Z	ok	60
2026-09-20T13:14:50Z	000	25.001374				60
2026-09-20T13:15:50Z	200	0.375586	23	2026-09-20T13:15:27Z	ok	60
2026-09-20T13:16:50Z	200	0.434592	84	2026-09-20T13:15:27Z	ok	60
2026-09-20T13:17:50Z	000	25.001551				60
2026-09-20T13:18:50Z	200	0.344558	34	2026-09-20T13:18:16Z	ok	60
2026-09-20T13:19:50Z	200	0.370100	93	2026-09-20T13:18:17Z	ok	60
2026-09-20T13:20:50Z	000	25.000814				60
2026-09-20T13:21:50Z	200	0.409095	43	2026-09-20T13:21:08Z	ok	60
2026-09-20T13:22:50Z	200	0.421256	102	2026-09-20T13:21:08Z	ok	60
2026-09-20T13:23:50Z	200	23.614492	10	2026-09-20T13:24:04Z	crossed	60
2026-09-20T13:24:50Z	200	0.539815	47	2026-09-20T13:24:03Z	ok	60
2026-09-20T13:25:50Z	000	25.002036				60
2026-09-20T13:26:50Z	200	16.447255	12	2026-09-20T13:26:54Z	crossed	60
2026-09-20T13:27:50Z	200	0.469901	56	2026-09-20T13:26:55Z	ok	60
2026-09-20T13:28:50Z	000	25.002087				60
2026-09-20T13:29:50Z	200	20.080622	16	2026-09-20T13:29:54Z	crossed	60
2026-09-20T13:30:50Z	200	0.555234	56	2026-09-20T13:29:54Z	ok	60
2026-09-20T13:31:50Z	000	25.002318				60
2026-09-20T13:32:50Z	200	17.383180	13	2026-09-20T13:32:54Z	crossed	60
2026-09-20T13:33:50Z	200	0.374572	57	2026-09-20T13:32:54Z	ok	60
2026-09-20T13:34:50Z	000	25.002297				60
2026-09-20T13:35:50Z	200	17.842911	14	2026-09-20T13:35:54Z	crossed	60
2026-09-20T13:36:50Z	200	0.323405	56	2026-09-20T13:35:54Z	ok	60
2026-09-20T13:37:50Z	000	25.001395				60
2026-09-20T13:38:50Z	200	17.644595	14	2026-09-20T13:38:54Z	crossed	60
2026-09-20T13:39:50Z	200	0.445133	57	2026-09-20T13:38:53Z	ok	60
2026-09-20T13:40:50Z	000	25.002809				60
2026-09-20T13:41:50Z	200	18.074472	15	2026-09-20T13:41:54Z	crossed	60
2026-09-20T13:42:50Z	200	0.445369	56	2026-09-20T13:41:54Z	ok	60
2026-09-20T13:43:50Z	200	0.360925	38	2026-09-20T13:43:13Z	ok	60
2026-09-20T13:44:50Z	200	0.332211	98	2026-09-20T13:43:12Z	ok	60
2026-09-20T13:45:50Z	200	0.343503	158	2026-09-20T13:43:12Z	ok	60
2026-09-20T13:46:50Z	200	0.381899	218	2026-09-20T13:43:12Z	ok	60
2026-09-20T13:47:50Z	200	0.333868	278	2026-09-20T13:43:12Z	ok	60
2026-09-20T13:48:50Z	200	0.448277	339	2026-09-20T13:43:12Z	ok	60
2026-09-20T13:49:50Z	200	0.365519	398	2026-09-20T13:43:12Z	ok	60
2026-09-20T13:50:50Z	200	0.348649	459	2026-09-20T13:43:12Z	ok	60
2026-09-20T13:51:50Z	200	0.387122	518	2026-09-20T13:43:12Z	ok	60
2026-09-20T13:52:50Z	200	0.334326	579	2026-09-20T13:43:12Z	ok	60
2026-09-20T13:53:50Z	200	0.348157	638	2026-09-20T13:43:12Z	ok	60
2026-09-20T13:54:50Z	200	0.335179	698	2026-09-20T13:43:13Z	ok	60
2026-09-20T13:55:50Z	200	0.369773	758	2026-09-20T13:43:12Z	ok	60
2026-09-20T13:56:50Z	200	0.371919	818	2026-09-20T13:43:13Z	ok	60
2026-09-20T13:57:50Z	200	0.385499	878	2026-09-20T13:43:12Z	ok	60
2026-09-20T13:58:50Z	200	0.376421	938	2026-09-20T13:43:13Z	ok	60
2026-09-20T13:59:50Z	200	0.350106	998	2026-09-20T13:43:12Z	ok	60
2026-09-20T14:00:50Z	200	0.399014	1058	2026-09-20T13:43:12Z	ok	60
2026-09-20T14:01:50Z	200	0.364961	1118	2026-09-20T13:43:12Z	ok	60
2026-09-20T14:02:50Z	200	0.353157	1178	2026-09-20T13:43:12Z	ok	60
2026-09-20T14:03:50Z	200	0.389343	1239	2026-09-20T13:43:12Z	ok	60
2026-09-20T14:04:50Z	200	0.379098	1298	2026-09-20T13:43:12Z	ok	60
2026-09-20T14:05:50Z	200	0.369282	1359	2026-09-20T13:43:12Z	ok	60
2026-09-20T14:06:50Z	200	0.404871	1418	2026-09-20T13:43:12Z	ok	60
2026-09-20T14:07:50Z	200	0.395204	1479	2026-09-20T13:43:12Z	ok	60
2026-09-20T14:08:50Z	200	0.373557	1538	2026-09-20T13:43:12Z	ok	60
2026-09-20T14:09:50Z	200	0.365079	1599	2026-09-20T13:43:12Z	ok	60
2026-09-20T14:10:50Z	200	0.399047	1658	2026-09-20T13:43:12Z	ok	60
2026-09-20T14:11:50Z	200	0.375687	1719	2026-09-20T13:43:12Z	ok	60
2026-09-20T14:12:50Z	200	0.388482	1778	2026-09-20T13:43:12Z	ok	60
2026-09-20T14:13:50Z	200	0.373516	1839	2026-09-20T13:43:12Z	ok	60
2026-09-20T14:14:50Z	200	0.340212	1898	2026-09-20T13:43:12Z	ok	60
2026-09-20T14:15:50Z	200	0.365661	1959	2026-09-20T13:43:12Z	ok	60
2026-09-20T14:16:50Z	200	0.351387	2018	2026-09-20T13:43:12Z	ok	60
2026-09-20T14:17:50Z	200	0.355658	2079	2026-09-20T13:43:12Z	ok	60
2026-09-20T14:18:50Z	200	0.397263	2138	2026-09-20T13:43:12Z	ok	60
2026-09-20T14:19:50Z	200	0.349182	2198	2026-09-20T13:43:12Z	ok	60
2026-09-20T14:20:50Z	200	0.372282	2258	2026-09-20T13:43:12Z	ok	60
2026-09-20T14:21:50Z	200	0.427001	2318	2026-09-20T13:43:12Z	ok	60
2026-09-20T14:22:50Z	200	0.377264	2378	2026-09-20T13:43:12Z	ok	60
2026-09-20T14:23:50Z	200	0.343827	2438	2026-09-20T13:43:12Z	ok	60
2026-09-20T14:24:51Z	200	0.391022	2499	2026-09-20T13:43:12Z	ok	60
2026-09-20T14:25:51Z	200	0.363259	2559	2026-09-20T13:43:12Z	ok	60
2026-09-20T14:26:51Z	200	0.334313	2620	2026-09-20T13:43:12Z	ok	60
2026-09-20T14:27:51Z	200	0.412602	2679	2026-09-20T13:43:12Z	ok	60
2026-09-20T14:28:51Z	200	0.315626	2740	2026-09-20T13:43:12Z	ok	60
2026-09-20T14:29:51Z	200	0.414146	2799	2026-09-20T13:43:12Z	ok	60
2026-09-20T14:30:51Z	200	0.388661	2860	2026-09-20T13:43:12Z	ok	60
2026-09-20T14:31:51Z	200	0.354690	2919	2026-09-20T13:43:12Z	ok	60
2026-09-20T14:32:51Z	200	0.367431	2980	2026-09-20T13:43:12Z	ok	60
2026-09-20T14:33:51Z	200	0.383095	3039	2026-09-20T13:43:12Z	ok	60
2026-09-20T14:34:51Z	200	0.368705	3100	2026-09-20T13:43:12Z	ok	60
2026-09-20T14:35:51Z	200	0.364368	3159	2026-09-20T13:43:12Z	ok	60
2026-09-20T14:36:51Z	200	0.369282	3220	2026-09-20T13:43:12Z	ok	60
2026-09-20T14:37:51Z	200	0.409229	3279	2026-09-20T13:43:12Z	ok	60
2026-09-20T14:38:51Z	200	0.347204	3340	2026-09-20T13:43:11Z	ok	60
2026-09-20T14:39:51Z	200	0.433193	3399	2026-09-20T13:43:12Z	ok	60
2026-09-20T14:40:51Z	200	0.462591	3460	2026-09-20T13:43:12Z	ok	60
2026-09-20T14:41:51Z	200	0.386528	3519	2026-09-20T13:43:12Z	ok	60
2026-09-20T14:42:51Z	200	0.381397	3580	2026-09-20T13:43:12Z	ok	60
2026-09-20T14:43:51Z	200	0.364748	3639	2026-09-20T13:43:12Z	ok	60
2026-09-20T14:44:51Z	200	0.368164	3700	2026-09-20T13:43:11Z	ok	60
2026-09-20T14:45:51Z	200	0.403233	3759	2026-09-20T13:43:12Z	ok	60
2026-09-20T14:46:51Z	200	0.374563	3820	2026-09-20T13:43:11Z	ok	60
2026-09-20T14:47:51Z	200	0.367258	3879	2026-09-20T13:43:12Z	ok	60
2026-09-20T14:48:51Z	200	0.373793	3940	2026-09-20T13:43:11Z	ok	60
2026-09-20T14:49:51Z	200	0.369507	4000	2026-09-20T13:43:12Z	ok	60
2026-09-20T14:50:51Z	200	0.377948	4060	2026-09-20T13:43:11Z	ok	60
2026-09-20T14:51:51Z	200	0.372790	4120	2026-09-20T13:43:12Z	ok	60
2026-09-20T14:52:51Z	200	0.355628	4179	2026-09-20T13:43:12Z	ok	60
2026-09-20T14:53:51Z	200	0.310803	4240	2026-09-20T13:43:12Z	ok	60
2026-09-20T14:54:51Z	200	0.399590	4299	2026-09-20T13:43:12Z	ok	60
2026-09-20T14:55:51Z	200	0.306281	4360	2026-09-20T13:43:12Z	ok	60
2026-09-20T14:56:51Z	200	0.329970	4419	2026-09-20T13:43:12Z	ok	60
2026-09-20T14:57:51Z	200	0.374835	4480	2026-09-20T13:43:12Z	ok	60
2026-09-20T14:58:51Z	200	0.396685	4539	2026-09-20T13:43:12Z	ok	60
2026-09-20T14:59:51Z	200	0.364636	4600	2026-09-20T13:43:11Z	ok	60
2026-09-20T15:00:51Z	200	0.422123	4659	2026-09-20T13:43:12Z	ok	60
2026-09-20T15:01:51Z	200	0.422771	4720	2026-09-20T13:43:12Z	ok	60
2026-09-20T15:02:51Z	200	0.419495	4779	2026-09-20T13:43:12Z	ok	60
2026-09-20T15:03:51Z	200	0.369045	4840	2026-09-20T13:43:12Z	ok	60
2026-09-20T15:04:51Z	200	0.341165	4899	2026-09-20T13:43:12Z	ok	60
2026-09-20T15:05:51Z	200	0.342303	4960	2026-09-20T13:43:11Z	ok	60
2026-09-20T15:06:52Z	200	0.405208	5020	2026-09-20T13:43:12Z	ok	60
2026-09-20T15:07:52Z	200	0.350570	5081	2026-09-20T13:43:11Z	ok	60
2026-09-20T15:08:52Z	200	0.396656	5141	2026-09-20T13:43:12Z	ok	60
2026-09-20T15:09:52Z	200	0.373914	5201	2026-09-20T13:43:11Z	ok	60
2026-09-20T15:10:52Z	200	0.337419	5261	2026-09-20T13:43:12Z	ok	60
2026-09-20T15:11:52Z	200	0.390333	5321	2026-09-20T13:43:11Z	ok	60
2026-09-20T15:12:52Z	200	0.336105	5381	2026-09-20T13:43:12Z	ok	60
2026-09-20T15:13:52Z	200	0.314083	5440	2026-09-20T13:43:12Z	ok	60
2026-09-20T15:14:52Z	200	0.357392	5501	2026-09-20T13:43:12Z	ok	60
2026-09-20T15:15:52Z	200	0.349480	5560	2026-09-20T13:43:12Z	ok	60
2026-09-20T15:16:52Z	200	0.340196	5621	2026-09-20T13:43:11Z	ok	60
2026-09-20T15:17:52Z	200	0.377888	5680	2026-09-20T13:43:12Z	ok	60
2026-09-20T15:18:52Z	200	0.418993	5741	2026-09-20T13:43:11Z	ok	60
2026-09-20T15:19:52Z	200	0.430040	5800	2026-09-20T13:43:12Z	ok	60
2026-09-20T15:20:52Z	200	0.366568	5861	2026-09-20T13:43:11Z	ok	60
2026-09-20T15:21:52Z	200	0.376641	5920	2026-09-20T13:43:12Z	ok	60
2026-09-20T15:22:52Z	200	0.372088	5981	2026-09-20T13:43:11Z	ok	60
2026-09-20T15:23:52Z	200	0.333884	6040	2026-09-20T13:43:12Z	ok	60
2026-09-20T15:24:52Z	200	0.346684	6101	2026-09-20T13:43:11Z	ok	60
2026-09-20T15:25:52Z	200	0.343928	6161	2026-09-20T13:43:12Z	ok	60
2026-09-20T15:26:52Z	200	0.406770	6221	2026-09-20T13:43:11Z	ok	60
2026-09-20T15:27:52Z	200	0.344308	6281	2026-09-20T13:43:12Z	ok	60
2026-09-20T15:28:52Z	200	0.377062	6341	2026-09-20T13:43:11Z	ok	60
2026-09-20T15:29:52Z	200	0.373145	6401	2026-09-20T13:43:12Z	ok	60
2026-09-20T15:30:52Z	200	0.413650	6461	2026-09-20T13:43:11Z	ok	60
2026-09-20T15:31:52Z	200	0.393753	6521	2026-09-20T13:43:12Z	ok	60
2026-09-20T15:32:52Z	200	0.413131	6581	2026-09-20T13:43:11Z	ok	60
2026-09-20T15:33:52Z	200	0.339840	6641	2026-09-20T13:43:12Z	ok	60
2026-09-20T15:34:52Z	200	0.386189	6701	2026-09-20T13:43:11Z	ok	60
2026-09-20T15:35:52Z	200	0.343316	6761	2026-09-20T13:43:12Z	ok	60
2026-09-20T15:36:52Z	200	0.358168	6821	2026-09-20T13:43:11Z	ok	60
2026-09-20T15:37:52Z	200	0.883364	6882	2026-09-20T13:43:11Z	ok	60
2026-09-20T15:38:52Z	200	0.371795	6941	2026-09-20T13:43:12Z	ok	60
2026-09-20T15:39:52Z	200	0.380331	7001	2026-09-20T13:43:11Z	ok	60
2026-09-20T15:40:52Z	200	0.354129	7061	2026-09-20T13:43:12Z	ok	60
2026-09-20T15:41:52Z	200	0.381542	7121	2026-09-20T13:43:11Z	ok	60
2026-09-20T15:42:52Z	200	0.394547	7181	2026-09-20T13:43:12Z	ok	60
2026-09-20T15:43:52Z	200	0.375022	7241	2026-09-20T13:43:11Z	ok	60
2026-09-20T15:44:52Z	200	0.387014	7301	2026-09-20T13:43:12Z	ok	60
2026-09-20T15:45:52Z	200	0.318226	7360	2026-09-20T13:43:12Z	ok	60
2026-09-20T15:46:52Z	200	0.362842	7421	2026-09-20T13:43:11Z	ok	60
2026-09-20T15:47:52Z	200	0.387494	7481	2026-09-20T13:43:12Z	ok	60
2026-09-20T15:48:52Z	200	0.381675	7541	2026-09-20T13:43:11Z	ok	60
2026-09-20T15:49:52Z	200	0.430147	7602	2026-09-20T13:43:11Z	ok	60
2026-09-20T15:50:52Z	200	0.388921	7661	2026-09-20T13:43:11Z	ok	60
2026-09-20T15:51:52Z	200	0.407909	7721	2026-09-20T13:43:11Z	ok	60
2026-09-20T15:52:52Z	200	0.406517	7781	2026-09-20T13:43:11Z	ok	60
2026-09-20T15:53:52Z	200	0.394722	7841	2026-09-20T13:43:11Z	ok	60
2026-09-20T15:54:52Z	200	0.398352	7901	2026-09-20T13:43:12Z	ok	60
2026-09-20T15:55:52Z	200	0.389818	7961	2026-09-20T13:43:11Z	ok	60
2026-09-20T15:56:52Z	200	0.353753	8021	2026-09-20T13:43:11Z	ok	60
2026-09-20T15:57:52Z	200	0.381929	8081	2026-09-20T13:43:11Z	ok	60
2026-09-20T15:58:52Z	200	0.346878	8141	2026-09-20T13:43:11Z	ok	60
2026-09-20T15:59:52Z	200	0.400082	8202	2026-09-20T13:43:11Z	ok	60
2026-09-20T16:00:52Z	200	0.328788	8261	2026-09-20T13:43:11Z	ok	60
2026-09-20T16:01:52Z	200	0.406585	8321	2026-09-20T13:43:12Z	ok	60
2026-09-20T16:02:52Z	200	0.382970	8381	2026-09-20T13:43:11Z	ok	60
2026-09-20T16:03:52Z	200	0.423445	8442	2026-09-20T13:43:11Z	ok	60
2026-09-20T16:04:52Z	200	0.356130	8501	2026-09-20T13:43:11Z	ok	60
2026-09-20T16:05:52Z	200	0.342719	8561	2026-09-20T13:43:12Z	ok	60
2026-09-20T16:06:52Z	200	0.367118	8621	2026-09-20T13:43:11Z	ok	60
2026-09-20T16:07:52Z	200	0.228478	8681	2026-09-20T13:43:12Z	ok	60
2026-09-20T16:08:52Z	200	0.404493	8741	2026-09-20T13:43:11Z	ok	60
2026-09-20T16:09:52Z	200	0.378770	8801	2026-09-20T13:43:12Z	ok	60
2026-09-20T16:10:52Z	200	0.405107	8861	2026-09-20T13:43:11Z	ok	60
2026-09-20T16:11:52Z	200	0.401494	8921	2026-09-20T13:43:12Z	ok	60
2026-09-20T16:12:52Z	200	0.328220	8981	2026-09-20T13:43:11Z	ok	60
2026-09-20T16:13:52Z	200	0.397877	9041	2026-09-20T13:43:12Z	ok	60
2026-09-20T16:14:52Z	200	0.398879	9101	2026-09-20T13:43:11Z	ok	60
2026-09-20T16:15:52Z	200	0.346135	9161	2026-09-20T13:43:12Z	ok	60
2026-09-20T16:16:52Z	200	0.372755	9221	2026-09-20T13:43:11Z	ok	60
2026-09-20T16:17:52Z	200	0.425880	9281	2026-09-20T13:43:12Z	ok	60
2026-09-20T16:18:52Z	200	0.346166	9341	2026-09-20T13:43:11Z	ok	60
2026-09-20T16:19:52Z	200	0.348355	9401	2026-09-20T13:43:11Z	ok	60
2026-09-20T16:20:52Z	200	0.342386	9461	2026-09-20T13:43:11Z	ok	60
2026-09-20T16:21:52Z	200	0.296749	9521	2026-09-20T13:43:11Z	ok	60
2026-09-20T16:22:52Z	200	0.373203	9582	2026-09-20T13:43:11Z	ok	60
2026-09-20T16:23:52Z	200	0.353590	9641	2026-09-20T13:43:11Z	ok	60
2026-09-20T16:24:52Z	200	0.327622	9702	2026-09-20T13:43:11Z	ok	60
2026-09-20T16:25:52Z	200	0.363885	9761	2026-09-20T13:43:11Z	ok	60
2026-09-20T16:26:52Z	200	0.342525	9821	2026-09-20T13:43:12Z	ok	60
2026-09-20T16:27:52Z	200	0.346469	9881	2026-09-20T13:43:11Z	ok	60
2026-09-20T16:28:52Z	200	0.376683	9941	2026-09-20T13:43:12Z	ok	60
2026-09-20T16:29:52Z	200	0.364760	10001	2026-09-20T13:43:11Z	ok	60
2026-09-20T16:30:52Z	200	0.706449	10062	2026-09-20T13:43:11Z	ok	60
2026-09-20T16:31:52Z	200	0.343762	10121	2026-09-20T13:43:11Z	ok	60
2026-09-20T16:32:52Z	200	0.382344	10182	2026-09-20T13:43:11Z	ok	60
